{"cameraMode":{"drawMode":0,"name":"Shaded","section":"Shading Mode"},"sceneLighting":false,"audioPlay":false,"sceneViewState":{"m_AlwaysRefresh":false,"showFog":true,"showSkybox":true,"showFlares":true,"showImageEffects":true,"showParticleSystems":true,"showVisualEffectGraphs":true,"m_FxEnabled":true},"in2DMode":false,"pivot":{"x":0.4791818857192993,"y":2.3461666107177736,"z":-11.20695686340332},"rotation":{"x":-0.016419917345046998,"y":0.9739299416542053,"z":-0.07495449483394623,"w":-0.21339631080627442},"size":2.149385452270508,"orthographic":false}