{"cameraMode":{"drawMode":0,"name":"Shaded","section":"Shading Mode"},"sceneLighting":false,"audioPlay":false,"sceneViewState":{"m_AlwaysRefresh":false,"showFog":true,"showSkybox":true,"showFlares":true,"showImageEffects":true,"showParticleSystems":true,"showVisualEffectGraphs":true,"m_FxEnabled":true},"in2DMode":false,"pivot":{"x":2.8077445030212404,"y":2.9934794902801515,"z":-10.918152809143067},"rotation":{"x":-0.018783682957291604,"y":0.9796878695487976,"z":-0.11098954826593399,"w":-0.16585126519203187},"size":1.803468942642212,"orthographic":false}